{
    "context_recall": 0.097953216374269,
    "factual_correctness": 0.45099999999999996,
    "faithfulness": 0.2746631851163427,
    "semantic_similarity": 0.7497840935813264,
    "llm_context_precision_without_reference": 0.6285714285092857,
    "llm_context_precision_with_reference": 0.218749999978125,
    "non_llm_context_recall": 0.0,
    "context_entity_recall": 0.1558983748022281,
    "noise_sensitivity_relevant": NaN,
    "answer_relevancy": 0.8626468613237206
}