{
    "context_recall": 0.5296296296296297,
    "factual_correctness": 0.43252427184466025,
    "faithfulness": 0.5446993799703452,
    "semantic_similarity": 0.7966245600438026,
    "llm_context_precision_without_reference": 0.9281345565257646,
    "llm_context_precision_with_reference": 0.7033639143277525,
    "non_llm_context_recall": 0.22018348623853212,
    "context_entity_recall": 0.3369341658586548,
    "noise_sensitivity_relevant": 0.0,
    "answer_relevancy": 0.7830838722212651
}